pdb,chain_type,chain_id,IMGT,AA,atom_num,x,y,z,pred
parent_antibody,H,H,25,ALA,336,-9.056,9.137,-10.880,0.004248873796314001
parent_antibody,H,H,26,SER,346,-12.580,8.227,-12.091,0.005259854253381491
parent_antibody,H,H,27,GLY,357,-15.802,6.400,-11.083,0.032283343374729156
parent_antibody,H,H,28,PHE,364,-15.915,7.753,-7.493,0.07200996577739716
parent_antibody,H,H,29,THR,384,-16.092,11.265,-5.967,0.3398115634918213
parent_antibody,H,H,30,PHE,398,-12.284,11.948,-5.949,0.031010957434773445
parent_antibody,H,H,35,ASP,418,-12.914,15.117,-3.884,0.517179012298584
parent_antibody,H,H,36,ASP,430,-14.205,13.085,-0.850,0.8094306588172913
parent_antibody,H,H,37,TYR,442,-11.182,10.789,-0.283,0.6507298350334167
parent_antibody,H,H,38,ALA,463,-7.675,11.099,1.067,0.3894865810871124
parent_antibody,H,H,39,MET,473,-5.119,9.840,-1.491,0.003410044126212597
parent_antibody,H,H,40,HIS,490,-1.768,8.064,-0.958,0.21002931892871857
parent_antibody,H,H,54,SER,722,3.053,10.180,1.097,0.04767420142889023
parent_antibody,H,H,55,ALA,733,-0.626,11.037,1.839,0.4364323318004608
parent_antibody,H,H,56,ILE,743,-2.942,14.050,1.252,0.13165819644927979
parent_antibody,H,H,57,THR,762,-6.452,14.755,2.651,0.9001792073249817
parent_antibody,H,H,58,TRP,776,-9.674,15.270,0.605,0.9646180272102356
parent_antibody,H,H,59,ASN,800,-9.182,19.101,0.767,0.8789629340171814
parent_antibody,H,H,62,SER,814,-5.288,19.140,0.942,0.6028473973274231
parent_antibody,H,H,63,GLY,825,-5.614,20.459,4.578,0.8523948788642883
parent_antibody,H,H,64,HIS,832,-3.155,17.777,5.872,0.9809162020683289
parent_antibody,H,H,65,ILE,849,-0.109,16.257,4.109,0.797390878200531
parent_antibody,H,H,66,ASP,868,2.114,13.400,5.340,0.874351978302002
parent_antibody,H,H,67,TYR,880,5.523,12.105,4.057,0.22533531486988068
parent_antibody,H,H,103,TYR,1426,1.230,3.249,-7.161,0.0027764602564275265
parent_antibody,H,H,104,CYS,1447,-1.423,5.812,-6.323,0.0027764602564275265
parent_antibody,H,H,105,ALA,1457,-4.128,4.552,-3.945,0.005283022299408913
parent_antibody,H,H,106,LYS,1467,-7.562,5.773,-2.759,0.1251385658979416
parent_antibody,H,H,107,VAL,1489,-8.289,5.640,1.003,0.388888418674469
parent_antibody,H,H,108,SER,1505,-11.432,3.556,1.788,0.5553925633430481
parent_antibody,H,H,109,TYR,1516,-13.635,6.222,3.456,0.9430863857269287
parent_antibody,H,H,110,LEU,1537,-13.441,10.045,4.117,0.9595468640327454
parent_antibody,H,H,111,SER,1556,-10.558,9.279,6.619,0.95567387342453
parent_antibody,H,H,112A,THR,1567,-6.790,8.568,6.407,0.8779253363609314
parent_antibody,H,H,112,ALA,1581,-7.466,6.083,9.268,0.8578761219978333
parent_antibody,H,H,113,SER,1591,-8.992,3.687,6.710,0.6936191916465759
parent_antibody,H,H,114,SER,1602,-7.429,1.101,4.355,0.2695919871330261
parent_antibody,H,H,115,LEU,1613,-6.267,1.640,0.731,0.04372639209032059
parent_antibody,H,H,116,ASP,1632,-9.243,0.031,-1.119,0.17727062106132507
parent_antibody,H,H,117,TYR,1644,-8.337,0.824,-4.778,0.04427666217088699
parent_antibody,H,H,118,TRP,1665,-4.856,1.045,-6.345,0.0029557363595813513
parent_antibody,H,H,119,GLY,1689,-3.674,1.991,-9.843,0.0027764602564275265
parent_antibody,L,L,25,ALA,2175,3.557,-3.179,15.619,0.0038496232591569424
parent_antibody,L,L,26,SER,2185,6.278,-1.489,17.790,0.022560136392712593
parent_antibody,L,L,27,GLN,2196,3.436,0.505,19.506,0.3545754849910736
parent_antibody,L,L,28,GLY,2213,-0.306,-0.057,20.205,0.408262699842453
parent_antibody,L,L,29,ILE,2220,-2.198,0.805,16.930,0.31279370188713074
parent_antibody,L,L,36,ARG,2239,-5.611,-0.455,18.309,0.8834054470062256
parent_antibody,L,L,37,ASN,2263,-7.241,-2.290,15.318,0.6036191582679749
parent_antibody,L,L,38,TYR,2277,-6.295,0.353,12.658,0.9722470641136169
parent_antibody,L,L,39,LEU,2298,-4.549,-2.317,10.543,0.004542155656963587
parent_antibody,L,L,40,ALA,2317,-5.159,-3.654,7.027,0.00942683219909668
parent_antibody,L,L,54,ILE,2555,-9.027,-7.083,5.389,0.004701269790530205
parent_antibody,L,L,55,TYR,2574,-9.322,-3.776,7.321,0.3573494255542755
parent_antibody,L,L,56,ALA,2595,-10.051,-2.878,10.999,0.48524248600006104
parent_antibody,L,L,57,ALA,2605,-7.791,-5.935,11.769,0.02085922099649906
parent_antibody,L,L,65,SER,2615,-10.762,-8.303,11.012,0.05700288340449333
parent_antibody,L,L,66,THR,2626,-13.375,-6.874,8.543,0.28475484251976013
parent_antibody,L,L,67,LEU,2640,-13.119,-8.634,5.150,0.019289566203951836
parent_antibody,L,L,103,TYR,3105,1.437,-7.232,3.576,0.0027764602564275265
parent_antibody,L,L,104,CYS,3126,0.068,-5.801,6.820,0.002831225050613284
parent_antibody,L,L,105,GLN,3136,-0.313,-1.988,6.970,0.0028490289114415646
parent_antibody,L,L,106,ARG,3153,-0.779,0.405,9.877,0.47994086146354675
parent_antibody,L,L,107,TYR,3177,-3.321,3.142,8.970,0.6335892081260681
parent_antibody,L,L,108,ASN,3198,-4.099,4.849,12.403,0.8991202116012573
parent_antibody,L,L,109,ARG,3212,-2.011,7.936,11.403,0.9588928818702698
parent_antibody,L,L,114,ALA,3236,1.084,8.715,9.337,0.6255424618721008
parent_antibody,L,L,115,PRO,3245,3.473,7.169,8.442,0.0526263602077961
parent_antibody,L,L,116,TYR,3260,0.956,4.579,7.046,0.5094680786132812
parent_antibody,L,L,117,THR,3281,3.700,1.911,7.442,0.0039056912064552307
parent_antibody,L,L,118,PHE,3295,3.651,-1.563,5.778,0.0030668512918055058
parent_antibody,L,L,119,GLY,3315,5.196,-4.753,7.162,0.0027764602564275265
